usr_id,replies,type
270874057,3012189590,REPLIES
2171719285,21075591,REPLIES
346373863,171437375,REPLIES
3583964352,60779696,REPLIES
4856510102,4562829133,REPLIES
2655081289,337382401,REPLIES
166328555,11781162,REPLIES
270679223,60779696,REPLIES
83202301,16213404,REPLIES
792356257,156464691,REPLIES
29714420,16213404,REPLIES
2803016864,25062474,REPLIES
852207218,16834659,REPLIES
932911346,866909897048207360,REPLIES
1030416162721431554,31585344,REPLIES
490097102,16734909,REPLIES
853014655689609216,16834659,REPLIES
397811354,1017297717796597760,REPLIES
1669796893,2615581908,REPLIES
1016604071795384320,95766807,REPLIES
827351735370862593,164178673,REPLIES
827826237322072064,17250722,REPLIES
2171719285,369349553,REPLIES
2171719285,269721794,REPLIES
826273894889779200,121639467,REPLIES
47834838,134646048,REPLIES
3038915466,16213404,REPLIES
1669796893,2837205452,REPLIES
2161450206,134646048,REPLIES
19489002,171437375,REPLIES
1273711201,4562829133,REPLIES
406906282,16213404,REPLIES
747005330,95091601,REPLIES
2213249280,17250722,REPLIES
818396629640232960,16213404,REPLIES
2175547129,16734909,REPLIES
727695742769336320,66612373,REPLIES
4562829133,1273711201,REPLIES
818396629640232960,306153036,REPLIES
818396629640232960,18321490,REPLIES
2213249280,16834659,REPLIES
818396629640232960,948076733034401792,REPLIES
1058740290578718720,27831488,REPLIES
818396629640232960,153773624,REPLIES
720130266,121639467,REPLIES
728510492273074176,21075591,REPLIES
818396629640232960,255437360,REPLIES
37622069,11781162,REPLIES
788532504626012160,16094885,REPLIES
818396629640232960,117663382,REPLIES
1601937732,922294461186453504,REPLIES
575295839,52320140,REPLIES
916119991,16834659,REPLIES
21072785,25036511,REPLIES
4875432925,16463397,REPLIES
2441617381,3581271734,REPLIES
970089708851159042,16213404,REPLIES
916119991,465936656,REPLIES
404508332,2603192304,REPLIES
1146341346,160856325,REPLIES
575295839,66612373,REPLIES
546765821,546765821,REPLIES
728510492273074176,16213404,REPLIES
518124725,16734909,REPLIES
3087496429,16213404,REPLIES
2556511814,68640609,REPLIES
117602839,66917778,REPLIES
2773012519,1009022579900702721,REPLIES
731040612846182400,1113341312,REPLIES
842258560499109888,17831767,REPLIES
3218825124,31585344,REPLIES
779278891638632448,2555478498,REPLIES
999227088681881602,21075591,REPLIES
34616293,277587532,REPLIES
241662602,124473350,REPLIES
224160730,16094885,REPLIES
185991141,17250722,REPLIES
779278891638632448,554170358,REPLIES
4856510102,17831767,REPLIES
34616293,3789793212,REPLIES
44340706,16094885,REPLIES
619017465,20138772,REPLIES
1100007859,23879043,REPLIES
2213249280,124473350,REPLIES
564488633,16213404,REPLIES
3017117025,1113341312,REPLIES
875443196,4588114813,REPLIES
1368100356,15815674,REPLIES
779278891638632448,1557458935,REPLIES
23865602,11781162,REPLIES
923120359808704512,20138772,REPLIES
1412036527,710209086,REPLIES
3163038860,2370992856,REPLIES
820092093783605248,237920909,REPLIES
2685926647,16213404,REPLIES
1100007859,23879043,REPLIES
2906724325,249895981,REPLIES
884458780657831936,16734909,REPLIES
1348465843,16213404,REPLIES
869760641325645824,2603192304,REPLIES
923120359808704512,16213404,REPLIES
66917778,329533140,REPLIES
986440664719097856,262512212,REPLIES
349572767,60779696,REPLIES
324908191,17831767,REPLIES
158871917,21075591,REPLIES
1498326793,235133746,REPLIES
233319280,1113341312,REPLIES
90749334,16734909,REPLIES
165720523,1113341312,REPLIES
970113980780896256,16094885,REPLIES
621770560,76842602,REPLIES
1034284633,1132832803,REPLIES
158871917,21075591,REPLIES
2957662632,23879043,REPLIES
2507342209,1113341312,REPLIES
3166153645,66917778,REPLIES
1170624643,16213404,REPLIES
21727982,21075591,REPLIES
224160730,1113341312,REPLIES
954932857138331653,121639467,REPLIES
243495444,2191781708,REPLIES
1390255747,16213404,REPLIES
228853466,66612373,REPLIES
158871917,1240407498,REPLIES
624461722,18753424,REPLIES
188143601,16213404,REPLIES
922361848703328257,16213404,REPLIES
176306346,1029612428026204160,REPLIES
292236129,22993014,REPLIES
29359951,842258560499109888,REPLIES
158871917,183770461,REPLIES
2371322222,16213404,REPLIES
35580960,16734909,REPLIES
88289871,16213404,REPLIES
20352984,2768501,REPLIES
2483358715,19050000,REPLIES
546765821,1060067456884985856,REPLIES
546765821,1060067456884985856,REPLIES
233319280,121639467,REPLIES
928190600385458181,28026149,REPLIES
35900933,160856325,REPLIES
404508332,26607837,REPLIES
937243536549748738,937243536549748738,REPLIES
1348465843,16213404,REPLIES
970113980780896256,176306346,REPLIES
398007505,944465451727314944,REPLIES
371562839,16213404,REPLIES
937243536549748738,1333360170,REPLIES
2685926647,20032587,REPLIES
400495760,984558778375749632,REPLIES
417047832,31585344,REPLIES
970113980780896256,730692610675724289,REPLIES
842258560499109888,29359951,REPLIES
305851108,108273993,REPLIES
785019956949716992,237612784,REPLIES
228853466,626294220,REPLIES
575295839,571488084,REPLIES
954104734822023169,121639467,REPLIES
575295839,1333360170,REPLIES
176306346,970113980780896256,REPLIES
1029275871754870785,2884771,REPLIES
233319280,22993014,REPLIES
179071092,21075591,REPLIES
42571871,19489002,REPLIES
17353325,575295839,REPLIES
253410837,571488084,REPLIES
179071092,487332963,REPLIES
35900933,178668890,REPLIES
785019956949716992,76842602,REPLIES
1333360170,95091601,REPLIES
44340706,399265360,REPLIES
903822128155262976,18753424,REPLIES
51898019,499696436,REPLIES
2681948222,66917778,REPLIES
179071092,262512212,REPLIES
1038970825699774465,730692610675724289,REPLIES
3502788140,233319280,REPLIES
380775559,393762976,REPLIES
1333360170,1333360170,REPLIES
827351735370862593,164178673,REPLIES
762906414041837568,1057611964094939136,REPLIES
303590108,3555381912,REPLIES
970113980780896256,253410837,REPLIES
35900933,176749827,REPLIES
914249614848548864,1040425817136750592,REPLIES
2817851108,723151752,REPLIES
3315691627,139328853,REPLIES
1018611146159374336,2904009019,REPLIES
762906414041837568,1228096075,REPLIES
4875432925,16463397,REPLIES
762906414041837568,933709050,REPLIES
398007505,398007505,REPLIES
1333360170,99370007,REPLIES
352632770,519388948,REPLIES
57956162,1333360170,REPLIES
172081908,172081908,REPLIES
224160730,14707794,REPLIES
57956162,4286365994,REPLIES
25801841,626294220,REPLIES
2338024555,842258560499109888,REPLIES
224160730,185614627,REPLIES
1463314856,224160730,REPLIES
475780866,574166644,REPLIES
42553701,614246029,REPLIES
560664451,125486974,REPLIES
356152204,2483358715,REPLIES
629050900,34116377,REPLIES
175243720,99370007,REPLIES
1012662663472545794,2603192304,REPLIES
2842485422,465936656,REPLIES
1012662663472545794,1012662663472545794,REPLIES
1549267111,21075591,REPLIES
953520138216550400,93766096,REPLIES
2816769210,21075591,REPLIES
1012662663472545794,2603192304,REPLIES
769150197091954689,769162501204373504,REPLIES
842258560499109888,2338024555,REPLIES
827467712968347652,2159963712,REPLIES
740371440,1113341312,REPLIES
175243720,15250661,REPLIES
57837555,903822128155262976,REPLIES
1020090815601786880,1333360170,REPLIES
720275402,171437375,REPLIES
24799296,17250722,REPLIES
431102415,14707794,REPLIES
1012662663472545794,623582827,REPLIES
842258560499109888,29359951,REPLIES
1041264549943377920,16213404,REPLIES
373266120,16834659,REPLIES
840352775628193793,11781162,REPLIES
60016017,758582902518972417,REPLIES
3220782043,571488084,REPLIES
3570365773,3163038860,REPLIES
53545152,741819608,REPLIES
899012530281922560,108273993,REPLIES
84446316,1463314856,REPLIES
4904265235,18753424,REPLIES
522035349,30390734,REPLIES
497629268,16834659,REPLIES
29394672,266010557,REPLIES
979914485086404609,16463397,REPLIES
497629268,46028458,REPLIES
1011026495500738561,2904009019,REPLIES
3317703554,224160730,REPLIES
3225076710,14707794,REPLIES
3163038860,14707794,REPLIES
800262170,2916395070,REPLIES
96642023,2592733051,REPLIES
2659475605,15250661,REPLIES
585596777,326795477,REPLIES
2685926647,305980198,REPLIES
978768111825387520,125486974,REPLIES
373092327,2949879206,REPLIES
897367710568296448,15250661,REPLIES
237612784,57524926,REPLIES
2411567600,1113341312,REPLIES
925225981190606850,800112243312500736,REPLIES
487332963,179071092,REPLIES
22724690,16834659,REPLIES
701671674056298496,16213404,REPLIES
937243536549748738,1333360170,REPLIES
842258560499109888,29359951,REPLIES
2659475605,15250661,REPLIES
2553796424,137892503,REPLIES
107918290,16834659,REPLIES
2685926647,9609632,REPLIES
11072702,2393625326,REPLIES
1038970825699774465,43525891,REPLIES
884175670271660032,57956162,REPLIES
116825202,57524926,REPLIES
294292505,965379807398707200,REPLIES
1049181952996073474,16834659,REPLIES
1011026495500738561,414460605,REPLIES
2589086480,15250661,REPLIES
119221622,17250722,REPLIES
1536446748,1033527651833503744,REPLIES
907152277,190638538,REPLIES
60016017,748821764046594048,REPLIES
219889961,25036511,REPLIES
734691288801382400,70617159,REPLIES
292236129,16834659,REPLIES
104758530,66917778,REPLIES
57956162,1333360170,REPLIES
612998177,16834659,REPLIES
1028574977153368065,1333360170,REPLIES
884175670271660032,16627712,REPLIES
244480670,395011525,REPLIES
35900933,60779696,REPLIES
287644946,1113341312,REPLIES
525006087,16834659,REPLIES
630679523,17250722,REPLIES
29396708,137892503,REPLIES
2479088160,16834659,REPLIES
321223329,16834659,REPLIES
1010531617805238272,25036511,REPLIES
612852514,757457148,REPLIES
948833868,377891222,REPLIES
950861076,369349553,REPLIES
948833868,377891222,REPLIES
228306267,16834659,REPLIES
79899778,732492601,REPLIES
452721196,16834659,REPLIES
119221622,119221622,REPLIES
28295539,34198028,REPLIES
249542612,16834659,REPLIES
2425228806,118942188,REPLIES
1641441979,16094885,REPLIES
950861076,16834659,REPLIES
42553701,17337738,REPLIES
308425996,16213404,REPLIES
2425228806,465936656,REPLIES
2255269771,21075591,REPLIES
226857183,2351162450,REPLIES
268639069,1333360170,REPLIES
1045495981146402816,16834659,REPLIES
2222997690,95091601,REPLIES
912342698,15476712,REPLIES
843293362228621313,16834659,REPLIES
104758530,47256341,REPLIES
560609578,398007505,REPLIES
1007246490698301440,487332963,REPLIES
71172514,16734909,REPLIES
83024243,16834659,REPLIES
451800201,16675569,REPLIES
249542612,16834659,REPLIES
1010531617805238272,1113341312,REPLIES
15476712,912342698,REPLIES
2180795533,16834659,REPLIES
623732328,2338024555,REPLIES
1269350532,1141446830,REPLIES
71172514,16734909,REPLIES
792669004162666497,34116377,REPLIES
1035462766243373057,16213404,REPLIES
705638477954568192,487332963,REPLIES
18301197,16213404,REPLIES
560609578,505056752,REPLIES
1398778770,9609632,REPLIES
2459630112,2431208312,REPLIES
2799505712,16734909,REPLIES
2351162450,755171496901746689,REPLIES
518578086,918991401706250240,REPLIES
964002307175170049,16834659,REPLIES
3908995452,842258560499109888,REPLIES
35339215,16734909,REPLIES
1333360170,76842602,REPLIES
2875756267,2768501,REPLIES
152833657,76842602,REPLIES
796602371384090625,16834659,REPLIES
328923693,983169181871816704,REPLIES
522158686,60483082,REPLIES
49400591,13929092,REPLIES
251440033,71172514,REPLIES
1906743404,1333360170,REPLIES
1906743404,16734909,REPLIES
198296897,2837256067,REPLIES
1665917820,727774679293923329,REPLIES
964002307175170049,16834659,REPLIES
1906743404,1333360170,REPLIES
1058159395656261632,76842602,REPLIES
577792575,465936656,REPLIES
366446465,108273993,REPLIES
499718905,819705099094134784,REPLIES
980630772187938816,176749827,REPLIES
3714279612,256344641,REPLIES
1401600204,190638538,REPLIES
916119991,1016202864174116864,REPLIES
292236129,369158562,REPLIES
1029846921433608192,1526946950,REPLIES
18301197,515762411,REPLIES
1181966660,467004982,REPLIES
1038970825699774465,16834659,REPLIES
916119991,365170898,REPLIES
17668669,76842602,REPLIES
16073596,16073596,REPLIES
114528283,814992349,REPLIES
312420231,160856325,REPLIES
1664965460,16509444,REPLIES
22887776,571488084,REPLIES
2497305128,1333360170,REPLIES
3279390924,16734909,REPLIES
577792575,577792575,REPLIES
866070061882023936,75961380,REPLIES
786015995206905856,1033188114179604480,REPLIES
1035408508403900416,334053327,REPLIES
1924903579,626294220,REPLIES
370518890,16834659,REPLIES
73094319,4856510102,REPLIES
370518890,16834659,REPLIES
474787261,22705952,REPLIES
303590108,28970958,REPLIES
869758549060075520,1228096075,REPLIES
926590755153461248,137198586,REPLIES
464276020,51988214,REPLIES
181939887,28785486,REPLIES
44820390,355525834,REPLIES
508741229,786015995206905856,REPLIES
866070061882023936,1348208160,REPLIES
1272219678,726641791521316864,REPLIES
2497305128,467004982,REPLIES
2511543733,1463314856,REPLIES
18030713,137198586,REPLIES
508741229,1141446830,REPLIES
67005265,16094885,REPLIES
916119991,626294220,REPLIES
920597764311941120,4505510964,REPLIES
1181966660,95091601,REPLIES
2707780350,11781162,REPLIES
1308947066,16213404,REPLIES
324181192,1141446830,REPLIES
140092199,38108726,REPLIES
1309762062,703308253,REPLIES
487332963,705638477954568192,REPLIES
916119991,31585344,REPLIES
289273038,16094885,REPLIES
181939887,95064543,REPLIES
292236129,92624890,REPLIES
1032189389126885376,2507519377,REPLIES
19198034,60454133,REPLIES
912342698,15476712,REPLIES
1466312012,16734909,REPLIES
4856510102,73094319,REPLIES
546765821,16644176,REPLIES
230707578,16734909,REPLIES
236181116,259897672,REPLIES
1918976136,17831767,REPLIES
108462429,198296897,REPLIES
19198034,60454133,REPLIES
770756648201662464,22573600,REPLIES
1032908934846115840,16834659,REPLIES
842258560499109888,252692962,REPLIES
146798545,146798545,REPLIES
4856510102,780722961095327747,REPLIES
3431296152,4899639072,REPLIES
175243720,21075591,REPLIES
32592955,747885404,REPLIES
30186083,17250722,REPLIES
61136501,25297301,REPLIES
228853466,171437375,REPLIES
866070061882023936,16213404,REPLIES
911136404964491264,911136404964491264,REPLIES
2215288760,16213404,REPLIES
1383231247,137198586,REPLIES
2334116442,17503820,REPLIES
399320525,1526946950,REPLIES
224160730,2511543733,REPLIES
20110660,17250722,REPLIES
445246334,139328853,REPLIES
775503006,17503820,REPLIES
203748618,114040486,REPLIES
2589086480,17503820,REPLIES
167957742,16734909,REPLIES
446764989,17503820,REPLIES
897367710568296448,16213404,REPLIES
399320525,74382140,REPLIES
3029783283,17503820,REPLIES
891996374698344450,17250722,REPLIES
802794905621774336,17503820,REPLIES
1597408068,988615534953480192,REPLIES
959668204216844288,16213404,REPLIES
2236728919,369158562,REPLIES
931707540,2608740770,REPLIES
33095708,2496389714,REPLIES
53671958,16734909,REPLIES
636186580,467004982,REPLIES
539878781,16734909,REPLIES
83344828,16834659,REPLIES
60016017,17503820,REPLIES
53671958,16734909,REPLIES
388125509,377891222,REPLIES
42553701,17337738,REPLIES
965127898213449729,458109833,REPLIES
1936136322,16834659,REPLIES
270679223,17503820,REPLIES
2204806447,1141446830,REPLIES
2511543733,224160730,REPLIES
363822984,237612784,REPLIES
612591093,32201814,REPLIES
3225076710,16734909,REPLIES
1024614557858189312,16734909,REPLIES
756709253046558721,16213404,REPLIES
1011026495500738561,17503820,REPLIES
44303297,806192713,REPLIES
724565296774676482,17503820,REPLIES
820092093783605248,16834659,REPLIES
762373104,163662008,REPLIES
836326702242385920,32201814,REPLIES
398007505,944465451727314944,REPLIES
14118410,32201814,REPLIES
1576992871,43304756,REPLIES
2933425093,16213404,REPLIES
1708574071,66917778,REPLIES
19198034,60454133,REPLIES
628249435,43792125,REPLIES
903822128155262976,16834659,REPLIES
21795407,16734909,REPLIES
1351202461,99370007,REPLIES
2590542510,21075591,REPLIES
804082501043924992,16213404,REPLIES
603211067,9609582,REPLIES
200068179,48673284,REPLIES
19198034,416950760,REPLIES
852207218,16834659,REPLIES
26910186,16213404,REPLIES
4155047233,384233102,REPLIES
452378632,16834659,REPLIES
416950760,18030713,REPLIES
17507063,17503820,REPLIES
33786315,27572392,REPLIES
1884857384,16213404,REPLIES
4920220572,16213404,REPLIES
1903829448,17503820,REPLIES
21795407,34198028,REPLIES
2262761306,2603192304,REPLIES
628249435,2615581908,REPLIES
468161947,43304756,REPLIES
423687534,34116377,REPLIES
1708574071,1708574071,REPLIES
568731657,16834659,REPLIES
165720523,1113341312,REPLIES
4415639778,67166472,REPLIES
330126219,1113341312,REPLIES
806192713,44303297,REPLIES
242936818,758900688,REPLIES
452378632,16834659,REPLIES
628249435,62628195,REPLIES
2633885004,16213404,REPLIES
1662049748,58808497,REPLIES
1170267488,2349488580,REPLIES
1029846921433608192,9235982,REPLIES
887598800453255169,13006932,REPLIES
1708574071,1113341312,REPLIES
931707540,2603192304,REPLIES
292236129,3078836653,REPLIES
185554632,246716700,REPLIES
78589386,1315638931,REPLIES
143700699,710072044096860161,REPLIES
544677406,237612784,REPLIES
222686829,16213404,REPLIES
22850770,1113341312,REPLIES
213854857,176399002,REPLIES
171699484,171699484,REPLIES
246716700,185554632,REPLIES
544677406,544677406,REPLIES
185554632,25297301,REPLIES
28781392,17503820,REPLIES
1058159395656261632,2768501,REPLIES
2465229338,16509444,REPLIES
1359038136,17250722,REPLIES
3030150779,17503820,REPLIES
1388148914,25297301,REPLIES
47583167,1113341312,REPLIES
512774696,17503820,REPLIES
927388044,16734909,REPLIES
41306775,17250722,REPLIES
4664424691,118942188,REPLIES
213854857,27831488,REPLIES
40068395,246058485,REPLIES
343304139,546765821,REPLIES
1018422037,9609632,REPLIES
3035524588,119064160,REPLIES
21271154,40068395,REPLIES
475407225,40872222,REPLIES
956926923216601090,17250722,REPLIES
22187462,772692799967723520,REPLIES
200786746,40068395,REPLIES
798626896070123525,16213404,REPLIES
1052117354434293760,52320140,REPLIES
292236129,124473350,REPLIES
180759995,17503820,REPLIES
2810753491,211371719,REPLIES
41259242,1240407498,REPLIES
1306123686,17250722,REPLIES
623478141,16734909,REPLIES
586390395,60779696,REPLIES
1388148914,55413868,REPLIES
28026149,52320140,REPLIES
1378469576,9609632,REPLIES
22757646,1113341312,REPLIES
19098053,198296897,REPLIES
28026149,28026149,REPLIES
43056399,16834659,REPLIES
32340937,19161682,REPLIES
1198649053,2768501,REPLIES
4554797846,16213404,REPLIES
343191217,66917778,REPLIES
19161682,32340937,REPLIES
749899620889665536,34116377,REPLIES
4856510102,4856510102,REPLIES
32340937,19161682,REPLIES
516124492,539833719,REPLIES
343191217,66917778,REPLIES
733543639335325697,350659811,REPLIES
586390395,237612784,REPLIES
1035375139645313024,137198586,REPLIES
624417170,16213404,REPLIES
277974831,1612349160,REPLIES
384826066,94374893,REPLIES
3622601179,782806500,REPLIES
329817652,816120087891492866,REPLIES
347818487,237213129,REPLIES
704926033439539200,16675569,REPLIES
28026149,52320140,REPLIES
497629268,16675569,REPLIES
40068395,246058485,REPLIES
224160730,2511543733,REPLIES
35900933,32339623,REPLIES
711822399038066689,16834659,REPLIES
458328611,623732328,REPLIES
363822984,190638538,REPLIES
130668639,4588114813,REPLIES
2938848428,2904009019,REPLIES
37605840,11781162,REPLIES
3163038860,40068395,REPLIES
761445010306764800,1113341312,REPLIES
40628944,68543992,REPLIES
557514342,1388148914,REPLIES
890869154311323648,104758530,REPLIES
146734114,1113341312,REPLIES
916502976,18371863,REPLIES
37107805,16213404,REPLIES
351995102,22993014,REPLIES
1306123686,95091601,REPLIES
3163038860,996392646,REPLIES
984372566,17503820,REPLIES
359010473,16213404,REPLIES
2810441094,160856325,REPLIES
537858765,1038887673316794368,REPLIES
965900225515700225,16213404,REPLIES
745491884773040128,1113341312,REPLIES
314537848,183036128,REPLIES
871590486867271680,972084323749736448,REPLIES
35900933,923120359808704512,REPLIES
2429615682,40628944,REPLIES
962257221135380480,25475956,REPLIES
3225076710,52320140,REPLIES
19174820,18371863,REPLIES
50853728,16834659,REPLIES
40628944,2429615682,REPLIES
1418223734,1418223734,REPLIES
34204774,31690313,REPLIES
885658005114503168,175243720,REPLIES
1355592691,16834659,REPLIES
993199311037988864,40868631,REPLIES
2908683410,2768501,REPLIES
1011026495500738561,16834659,REPLIES
797346072,17503820,REPLIES
2810441094,2603192304,REPLIES
321140444,1141446830,REPLIES
946555035097317376,996562041132335106,REPLIES
143824995,16834659,REPLIES
866070061882023936,14130643,REPLIES
1480629769,22993014,REPLIES
286012402,267499622,REPLIES
60866631,16834659,REPLIES
512477370,139328853,REPLIES
2536626548,2592733051,REPLIES
43801405,95091601,REPLIES
1155947208,60779696,REPLIES
636186580,3233032387,REPLIES
104758530,125486974,REPLIES
1480629769,14130643,REPLIES
962257221135380480,505056752,REPLIES
535311906,1333360170,REPLIES
175922206,17250722,REPLIES
401349004,16834659,REPLIES
37622069,17503820,REPLIES
2507519377,1032189389126885376,REPLIES
1599529957,16213404,REPLIES
239345193,1333360170,REPLIES
124473350,241662602,REPLIES
178626806,63942152,REPLIES
401349004,16834659,REPLIES
18710072,355780181,REPLIES
632603121,877415741124825088,REPLIES
68543992,40628944,REPLIES
3280577304,3280577304,REPLIES
528911765,762906414041837568,REPLIES
826332877457481728,16834659,REPLIES
962257221135380480,956354334,REPLIES
1011886870970560513,16834659,REPLIES
399206687,16834659,REPLIES
535311906,16834659,REPLIES
165655235,1684918351,REPLIES
266236372,465936656,REPLIES
223782828,16213404,REPLIES
976272759775887366,1031143144492920832,REPLIES
1052117354434293760,18371863,REPLIES
2802904219,603293374,REPLIES
877415741124825088,125486974,REPLIES
82777906,76842602,REPLIES
93964503,571488084,REPLIES
865454643312066562,17503820,REPLIES
1218180463,31585344,REPLIES
408839513,16834659,REPLIES
33095708,535311906,REPLIES
307263001,97548523,REPLIES
23054053,95091601,REPLIES
2275101774,2275101774,REPLIES
68543992,40628944,REPLIES
346373863,17503820,REPLIES
82777906,76842602,REPLIES
727102811880611841,16834659,REPLIES
719511231292289024,16213404,REPLIES
2775693692,16834659,REPLIES
2161450206,16834659,REPLIES
1398778770,36255721,REPLIES
751327970787110913,43304756,REPLIES
3438728674,25297301,REPLIES
753780970399076352,43304756,REPLIES
21795407,148971785,REPLIES
161089221,17503820,REPLIES
382758717,2916395070,REPLIES
820431428835885059,31585344,REPLIES
150080419,16213404,REPLIES
468161947,211371719,REPLIES
1388148914,941288721361465344,REPLIES
1130125796,741819608,REPLIES
1214109769,16734909,REPLIES
181391018,168300874,REPLIES
2779940700,57956162,REPLIES
1223204720,66917778,REPLIES
1032189389126885376,16734909,REPLIES
49273320,956354334,REPLIES
148671768,416950760,REPLIES
2466788731,710683412583964672,REPLIES
341327946,237612784,REPLIES
772212962572443649,1113341312,REPLIES
772212962572443649,1113341312,REPLIES
156464691,156464691,REPLIES
60779696,60779696,REPLIES
2158313124,16213404,REPLIES
443225587,125486974,REPLIES
505056752,16834659,REPLIES
4100256912,2608740770,REPLIES
745012627,237612784,REPLIES
37107805,16213404,REPLIES
1708574071,55113432,REPLIES
71172514,741819608,REPLIES
1470599562,169362285,REPLIES
196844292,16834659,REPLIES
20352984,3898426152,REPLIES
401349004,55113432,REPLIES
897561438985887748,92624890,REPLIES
554179250,27831488,REPLIES
28899643,114625323,REPLIES
68956587,60779696,REPLIES
764147727676563456,32201814,REPLIES
341327946,17503820,REPLIES
561549614,16213404,REPLIES
764147727676563456,16675569,REPLIES
21371948,34116377,REPLIES
2816984354,1514621460,REPLIES
1853443904,137198586,REPLIES
19489002,2659475605,REPLIES
42769304,60774605,REPLIES
34564954,31585344,REPLIES
1181966660,16213404,REPLIES
363822984,294292505,REPLIES
1181966660,16834659,REPLIES
1463314856,17503820,REPLIES
289468489,519388948,REPLIES
78507836,715626890,REPLIES
43868224,16734909,REPLIES
148671768,66917778,REPLIES
401349004,38358194,REPLIES
4899639072,101398753,REPLIES
3041692891,33216799,REPLIES
393762976,60779696,REPLIES
945783348906967040,43868224,REPLIES
332691348,16734909,REPLIES
249578800,779594659295207424,REPLIES
3171647540,160856325,REPLIES
60190324,16734909,REPLIES
17184930,17184930,REPLIES
294292505,363822984,REPLIES
1032189389126885376,2507519377,REPLIES
127796908,127796908,REPLIES
2351162450,18371863,REPLIES
19138368,14707794,REPLIES
42571871,207932870,REPLIES
772212962572443649,575295839,REPLIES
2908683410,2659475605,REPLIES
767557778,16834659,REPLIES
154059448,43868224,REPLIES
2507519377,1032189389126885376,REPLIES
922643073158410241,872615153065275392,REPLIES
3286214904,16213404,REPLIES
463173345,183770461,REPLIES
1034017523463643136,16834659,REPLIES
1034017523463643136,24672319,REPLIES
1034017523463643136,333353386,REPLIES
718005694251737088,384233102,REPLIES
1034017523463643136,1351202461,REPLIES
292225648,21075591,REPLIES
842544334226386944,779594659295207424,REPLIES
1034017523463643136,701300065395060736,REPLIES
332691348,16734909,REPLIES
173629507,371646780,REPLIES
551483643,539833719,REPLIES
2931585042,40068395,REPLIES
967220535980474369,292798500,REPLIES
175243720,17503820,REPLIES
179440345,16834659,REPLIES
1498326793,16834659,REPLIES
35900933,617621897,REPLIES
226857183,18371863,REPLIES
235133746,235133746,REPLIES
1708574071,1708574071,REPLIES
179440345,571488084,REPLIES
2507519377,16834659,REPLIES
715420788,16094885,REPLIES
820092093783605248,17503820,REPLIES
827351735370862593,822601644923912196,REPLIES
820092093783605248,803400089368571904,REPLIES
836180604093775872,17250722,REPLIES
1060652924982898688,66612373,REPLIES
839376026551500800,16834659,REPLIES
446044846,99370007,REPLIES
41518104,43304756,REPLIES
2536626548,17503820,REPLIES
1041264549943377920,9609632,REPLIES
3078836653,327790057,REPLIES
2536626548,341327946,REPLIES
1050241659659739136,16213404,REPLIES
2536626548,384129747,REPLIES
746582921813729281,1706358680,REPLIES
2536626548,865454643312066562,REPLIES
398602494,398007505,REPLIES
17668669,2200705141,REPLIES
321213597,16734909,REPLIES
1977463729,316850365,REPLIES
236181116,240213655,REPLIES
60866631,16675569,REPLIES
1121475834,741819608,REPLIES
20229196,842258560499109888,REPLIES
420276828,137198586,REPLIES
1631423353,16734909,REPLIES
4806742548,43304756,REPLIES
3279390924,16734909,REPLIES
756820453549674496,198296897,REPLIES
270874057,95091601,REPLIES
1040762960270913536,2904009019,REPLIES
1035378652584718336,114528283,REPLIES
2154530264,17250722,REPLIES
164178673,3756970094,REPLIES
3022615789,16213404,REPLIES
878655300,17503820,REPLIES
14510678,21075591,REPLIES
3308335375,888912668,REPLIES
2449220418,32201814,REPLIES
25486259,17503820,REPLIES
224160730,17503820,REPLIES
1497105828,1141446830,REPLIES
14438274,17831767,REPLIES
565804594,779594659295207424,REPLIES
871438926,16213404,REPLIES
93949528,42856767,REPLIES
820268749882200064,16213404,REPLIES
22345766,1287706999,REPLIES
443594830,72981604,REPLIES
803436441300676608,2988987926,REPLIES
1394124236,16734909,REPLIES
1220535252,16213404,REPLIES
3278581543,31585344,REPLIES
90582184,124473350,REPLIES
979124177775898624,1466312012,REPLIES
1058636972934127617,16213404,REPLIES
57956162,16734909,REPLIES
3078836653,470596201,REPLIES
874191251087572992,380517384,REPLIES
2875756267,2875756267,REPLIES
288085248,301219529,REPLIES
907477919999463424,259959417,REPLIES
1440864086,912820300391129088,REPLIES
881397602138370048,892576820,REPLIES
907477919999463424,139328853,REPLIES
51676541,1220535252,REPLIES
3219108581,16213404,REPLIES
373092327,884699248003960832,REPLIES
2914277497,1188193381,REPLIES
1625260039,2397430116,REPLIES
1058636972934127617,16213404,REPLIES
176375505,23879043,REPLIES
853856459163017217,16213404,REPLIES
2875756267,2875756267,REPLIES
1058636972934127617,465936656,REPLIES
401349004,55113432,REPLIES
957531667794554880,31585344,REPLIES
401349004,32201814,REPLIES
103391388,856045129,REPLIES
1367118296,17859460,REPLIES
3270794947,17859460,REPLIES
18747755,1113341312,REPLIES
57956162,93766096,REPLIES
179440345,2904009019,REPLIES
846584418005221376,32201814,REPLIES
80244766,16213404,REPLIES
179440345,17503820,REPLIES
1367118296,17859460,REPLIES
110899294,1388850254,REPLIES
211841805,16834659,REPLIES
211841805,2507519377,REPLIES
17859460,3270794947,REPLIES
607777645,207932870,REPLIES
3087318080,16734909,REPLIES
451800201,634391656,REPLIES
180258856,21075591,REPLIES
179440345,87899013,REPLIES
401349004,733543639335325697,REPLIES
746179001819881472,827295329439539200,REPLIES
452721196,1886068736,REPLIES
242936818,139328853,REPLIES
336828167,35900933,REPLIES
971676735841345536,57956162,REPLIES
3765841,1005749898963107840,REPLIES
22850770,213227473,REPLIES
3765841,79884432,REPLIES
263522138,626294220,REPLIES
16996451,19274342,REPLIES
865454643312066562,2536626548,REPLIES
439035260,14130643,REPLIES
629220407,508509497,REPLIES
1129892910,21075591,REPLIES
1664570648,975145607730888704,REPLIES
1456412868,16834659,REPLIES
824573108937830400,43525891,REPLIES
57956162,870769769053421569,REPLIES
357833234,160856325,REPLIES
343421847,16213404,REPLIES
2507519377,16834659,REPLIES
139328853,855547044143824897,REPLIES
3078836653,2351162450,REPLIES
2204806447,870769769053421569,REPLIES
874529213813891072,8197942,REPLIES
3078836653,57956162,REPLIES
20876638,16094885,REPLIES
192186952,16734909,REPLIES
3117812391,467004982,REPLIES
168984758,21075591,REPLIES
2887713523,31585344,REPLIES
937848076550545408,16734909,REPLIES
2874904873,180258856,REPLIES
420046959,17503820,REPLIES
22876462,2793424130,REPLIES
705638477954568192,487332963,REPLIES
2986628520,16834659,REPLIES
705638477954568192,705638477954568192,REPLIES
1011156483923300352,104758530,REPLIES
3885947052,1333360170,REPLIES
1218180463,16834659,REPLIES
2584945088,487235225,REPLIES
1356898081,775491484275515393,REPLIES
1557770354,52320140,REPLIES
278356637,228924029,REPLIES
820585382886580224,1333360170,REPLIES
866512266467844096,139328853,REPLIES
2887713523,16834659,REPLIES
487332963,705638477954568192,REPLIES
1015834210328719361,43304756,REPLIES
2659475605,3078836653,REPLIES
903807756322217984,171437375,REPLIES
730745763735556097,2393625326,REPLIES
705638477954568192,487332963,REPLIES
3624675504,53809757,REPLIES
1036209108863475712,251440033,REPLIES
2537313661,112383045,REPLIES
1708574071,1708574071,REPLIES
264618389,702645493361278976,REPLIES
213633880,16213404,REPLIES
1647052374,465936656,REPLIES
987348777622126592,16734909,REPLIES
2608740770,1004655025933570050,REPLIES
47349569,21075591,REPLIES
851583554261663744,95091601,REPLIES
699178838593396736,2235731509,REPLIES
17111029,519388948,REPLIES
4897638407,2909707872,REPLIES
89360295,11781162,REPLIES
71106714,3313083876,REPLIES
2536626548,74382140,REPLIES
938489083,3898426152,REPLIES
378545076,16675569,REPLIES
923669157941354497,1113341312,REPLIES
178668890,519388948,REPLIES
2659475605,1333360170,REPLIES
19198034,25297301,REPLIES
2875756267,2875756267,REPLIES
17111029,178668890,REPLIES
621770560,416950760,REPLIES
2801666531,16213404,REPLIES
1432318567,31585344,REPLIES
3277894616,19631784,REPLIES
178668890,17111029,REPLIES
809153193888231425,137198586,REPLIES
4491561740,16213404,REPLIES
41542581,16834659,REPLIES
3474359716,2555478498,REPLIES
3474359716,16213404,REPLIES
175243720,99394501,REPLIES
17111029,178668890,REPLIES
35641341,114050808,REPLIES
4856510102,4856510102,REPLIES
14944735,29387813,REPLIES
316294172,16213404,REPLIES
959983945369600000,571488084,REPLIES
20352984,137892503,REPLIES
550754544,1045140123464024066,REPLIES
970113980780896256,237612784,REPLIES
1011642652402434050,28026149,REPLIES
912656135085211648,320145267,REPLIES
3474359716,1595566334,REPLIES
970113980780896256,571488084,REPLIES
914725498445430784,2603192304,REPLIES
971712014589440001,20758087,REPLIES
252692962,842258560499109888,REPLIES
970113980780896256,755171496901746689,REPLIES
3031852397,233343317,REPLIES
104758530,47256341,REPLIES
2283278034,17250722,REPLIES
34481150,1046901688190136322,REPLIES
785396851868508160,137198586,REPLIES
727276934787268608,52320140,REPLIES
22724284,21075591,REPLIES
1708574071,16094885,REPLIES
297655080,18371863,REPLIES
311985113,2408008634,REPLIES
1058639745398390784,16734909,REPLIES
47239788,1580363462,REPLIES
190208584,877415741124825088,REPLIES
156464691,156464691,REPLIES
1634918790,137198586,REPLIES
16644176,970113980780896256,REPLIES
516168981,16734909,REPLIES
707403228908883969,31585344,REPLIES
90749334,228535666,REPLIES
309267035,731407442710384644,REPLIES
908690330064535552,34116377,REPLIES
1097886282,559935930,REPLIES
899012530281922560,16094885,REPLIES
72478719,263483174,REPLIES
263522138,134646048,REPLIES
1672758199,762440263,REPLIES
278760917,1113341312,REPLIES
873234744,16213404,REPLIES
4064151793,16734909,REPLIES
862607948798873600,1333360170,REPLIES
3317450233,9290802,REPLIES
577792575,577792575,REPLIES
72478719,167281867,REPLIES
970113980780896256,16644176,REPLIES
2709028958,134646048,REPLIES
96330642,20352984,REPLIES
20812411,17250722,REPLIES
341327946,326765076,REPLIES
287692364,16213404,REPLIES
1105510140,4856510102,REPLIES
2426317670,369349553,REPLIES
568804267,16213404,REPLIES
20411731,16675569,REPLIES
3308335375,160856325,REPLIES
862607948798873600,1333360170,REPLIES
1059654723127496704,70617159,REPLIES
749891977328496640,52320140,REPLIES
1669796893,17250722,REPLIES
2967077190,16213107,REPLIES
789056174981128192,820092093783605248,REPLIES
2594347974,21271154,REPLIES
3764854279,16213404,REPLIES
1844535024,16213404,REPLIES
2316787261,16734909,REPLIES
3219108581,16213404,REPLIES
1032621676997963776,17503820,REPLIES
16644176,970113980780896256,REPLIES
862607948798873600,741819608,REPLIES
901020894507581441,52320140,REPLIES
862607948798873600,1333360170,REPLIES
901020894507581441,1386337062,REPLIES
2238142334,17831767,REPLIES
60448583,17503820,REPLIES
34875447,55113432,REPLIES
3359154313,9609632,REPLIES
95628285,302337202,REPLIES
61626999,23052065,REPLIES
309510558,805442447182598145,REPLIES
926608326229495808,25235151,REPLIES
1032189389126885376,2507519377,REPLIES
393762976,17503820,REPLIES
3789793212,34616293,REPLIES
753130769153822720,519388948,REPLIES
57837555,57837555,REPLIES
137892503,96330642,REPLIES
30407140,4861925095,REPLIES
1464475747,2351162450,REPLIES
4491561740,1333360170,REPLIES
72487980,21075591,REPLIES
2426317670,539833719,REPLIES
551483643,17503820,REPLIES
899012530281922560,30407140,REPLIES
177548617,66917778,REPLIES
150835087,17503820,REPLIES
25037252,76842602,REPLIES
760303274322866177,762906414041837568,REPLIES
337667823,180258856,REPLIES
47200520,31585344,REPLIES
551913569,1595566334,REPLIES
3233032387,2768501,REPLIES
3467896034,741819608,REPLIES
1009400332202360834,1333360170,REPLIES
3078836653,770132773965328385,REPLIES
2249533080,17503820,REPLIES
16163392,970113980780896256,REPLIES
2608452822,1568352805,REPLIES
305402820,16213404,REPLIES
305402820,2349488580,REPLIES
3078836653,770132773965328385,REPLIES
3078836653,770132773965328385,REPLIES
305402820,16213404,REPLIES
624461722,167645831,REPLIES
870996546,1333360170,REPLIES
457313865,108273993,REPLIES
2457778334,21075591,REPLIES
3221860862,16734909,REPLIES
36941005,8197942,REPLIES
275947438,53809757,REPLIES
3078836653,770132773965328385,REPLIES
993076266877112320,207932870,REPLIES
993076266877112320,2524707338,REPLIES
576451623,1899124170,REPLIES
1595566334,551913569,REPLIES
353109403,353109403,REPLIES
841173935391567872,137198586,REPLIES
943734131271221248,1333360170,REPLIES
885658005114503168,1333360170,REPLIES
71164286,18371863,REPLIES
185554632,1287115579,REPLIES
2589086480,1466312012,REPLIES
2659475605,244425328,REPLIES
862607948798873600,1333360170,REPLIES
3308335375,18753424,REPLIES
870408277431009281,18753424,REPLIES
86859740,74382140,REPLIES
1554606457,1333360170,REPLIES
72478719,1654401169,REPLIES
951400686687698944,17503820,REPLIES
